delta_base_dir<?xml version="1.0" encoding="UTF-8"?>
<?xml-stylesheet type="text/xsl" href="configuration.xsl"?>
<configuration>
    <property>
        <name>sfUser</name>
        <value>cdcuser</value>
    </property>
    <property>
        <name>sfPassword</name>
        <value>Password!23</value>
    </property>
    <property>
        <name>sfDataBase</name>
        <value>testDB</value>
    </property>
    <property>
        <name>sfSchema</name>
        <value>%sfSchema%</value>
    </property>
    <property>
        <name>wareHouse</name>
        <value>compute_wh</value>
    </property>
    <property>
        <name>kafkaBrokerIp</name>
        <!--<value>a414ec6a5db9511e9975f0ac1d7d3905-1294987267.us-west-2.elb.amazonaws.com:9092</value>-->
        <!--<value>ad73e5b0bdb7011e9852f0274587ef6d-1520820607.us-west-2.elb.amazonaws.com:9092</value>-->
        <!--<value>a4bc8e1e6dea511e9a2af0a6e0612f1e-1021789532.us-west-2.elb.amazonaws.com:9092</value>-->
       <value>kafka:9092</value>
        <!--<value>kafka:9092</value>-->
    </property>
    <property>
        <name>check_point_dir</name>
        <!--value>D:\\tmp_data2\\checkPointDirectory\\</value>-->
        <value>/opt/</value>
    </property>
    <property>
        <name>delta_base_dir</name>
        <value>s3a://tiger-de-tpcdata/spark_delta/</value>
    </property>

</configuration>