{"commitInfo":{"timestamp":1568963070134,"operation":"WRITE","operationParameters":{"mode":"Overwrite","partitionBy":"[]"},"isBlindAppend":false}}
{"protocol":{"minReaderVersion":1,"minWriterVersion":2}}
{"metaData":{"id":"4777160c-0b0e-48e5-92a2-2a34a85b619a","format":{"provider":"parquet","options":{}},"schemaString":"{\"type\":\"struct\",\"fields\":[{\"name\":\"email\",\"type\":\"string\",\"nullable\":true,\"metadata\":{}},{\"name\":\"first_name\",\"type\":\"string\",\"nullable\":true,\"metadata\":{}},{\"name\":\"id\",\"type\":\"long\",\"nullable\":true,\"metadata\":{}},{\"name\":\"last_name\",\"type\":\"string\",\"nullable\":true,\"metadata\":{}},{\"name\":\"op\",\"type\":\"string\",\"nullable\":true,\"metadata\":{}},{\"name\":\"debz_processed_time\",\"type\":\"timestamp\",\"nullable\":true,\"metadata\":{}}]}","partitionColumns":[],"configuration":{},"createdTime":1568963062780}}
{"add":{"path":"part-00000-631452ba-f5de-40ab-923d-e6990907039b-c000.snappy.parquet","partitionValues":{},"size":1796,"modificationTime":1568963068289,"dataChange":true}}
